{
  "title": "Interactive Report Template",
  "subtitle": "Reusable viewer shell powered by sections.json",
  "sections": [
    {
      "id": "intro",
      "title": "Welcome",
      "markdown": "content/intro.md",
      "assets": [],
      "downloads": []
    },
    {
      "id": "demo",
      "title": "Demo Assets",
      "markdown": "content/demo.md",
      "assets": [
        {
          "title": "Embedded OpenStreetMap",
          "src": "https://www.openstreetmap.org/export/embed.html?bbox=8.54%2C47.36%2C8.55%2C47.37&layer=mapnik",
          "type": "map",
          "height": 520,
          "description": "Iframe embed placeholder using OSM (allows embedding). Replace with your map or dashboard."
        },
        {
          "title": "Local HTML placeholder",
          "src": "assets/sample.html",
          "type": "chart",
          "height": 560,
          "description": "Shows how to point to an existing local HTML asset."
        }
      ],
      "tabs": {
        "title": "Tab Demo",
        "items": [
          {
            "title": "Sample Tab A (OSM)",
            "src": "https://www.openstreetmap.org/export/embed.html?bbox=8.5%2C47.35%2C8.6%2C47.4&layer=mapnik",
            "height": 520
          },
          {
            "title": "Sample Tab B (Local)",
            "src": "assets/sample.html",
            "height": 520
          }
        ],
        "height": 520
      },
      "downloads": [
        {
          "label": "Placeholder CSV",
          "href": "https://people.sc.fsu.edu/~jburkardt/data/csv/airtravel.csv"
        }
      ]
    }
  ]
}
